<keymap version="1" name="Mac OS X copy" parent="Mac OS X">
  <action id="Annotate">
    <keyboard-shortcut first-keystroke="alt a" />
  </action>
  <action id="Console.TableResult.ColumnsList">
    <keyboard-shortcut first-keystroke="meta o" />
  </action>
  <action id="FileStructurePopup">
    <keyboard-shortcut first-keystroke="meta o" />
  </action>
  <action id="Git.CompareWithBranch">
    <keyboard-shortcut first-keystroke="alt c" />
  </action>
  <action id="GotoLine">
    <keyboard-shortcut first-keystroke="meta l" />
  </action>
  <action id="OverrideMethods">
    <keyboard-shortcut first-keystroke="meta f12" />
  </action>
  <action id="Refactorings.QuickListPopupAction">
    <keyboard-shortcut first-keystroke="shift meta alt t" />
    <keyboard-shortcut first-keystroke="shift meta r" />
  </action>
  <action id="SelectInProjectView">
    <keyboard-shortcut first-keystroke="alt 1" />
  </action>
  <action id="ShowIntentionActions">
    <keyboard-shortcut first-keystroke="alt enter" />
    <mouse-shortcut keystroke="control button1" />
  </action>
  <action id="UML.ShowStructure">
    <keyboard-shortcut first-keystroke="meta o" />
  </action>
  <action id="Vcs.Log.FocusTextFilter">
    <keyboard-shortcut first-keystroke="meta g" />
  </action>
  <action id="Vcs.ShowTabbedFileHistory">
    <keyboard-shortcut first-keystroke="alt h" />
  </action>
</keymap>