<application>
  <component name="FindSettings">
    <option name="customScope" value="All Places" />
    <option name="defaultScopeName" value="All Places" />
    <option name="SEARCH_SCOPE" value="All Places" />
    <mask>*.properties</mask>
    <mask>*.html</mask>
    <mask>*.xml</mask>
    <mask>*.as</mask>
    <mask>*.css</mask>
    <mask>*.mxml</mask>
    <mask>*.*ss</mask>
    <mask>*.jsp*,.tag</mask>
    <mask>*.css,*.scss</mask>
    <mask>*scss</mask>
    <mask>*.jspf</mask>
    <mask>*java</mask>
    <mask>*.jsp*,*.tag</mask>
    <mask>*.jsp, *.jspf, *.tag</mask>
    <mask>*.kt</mask>
    <mask>*.java</mask>
    <mask>*test*</mask>
    <mask>*.js, *.vue</mask>
    <mask>*.proto</mask>
    <mask>*.js,*.vue</mask>
    <mask>*.jsp*</mask>
    <mask>*.js</mask>
    <mask>sfw-cust*.vue</mask>
    <mask>*.vue</mask>
    <mask>*.jsp</mask>
    <mask>*.vue*</mask>
    <mask>*.scss</mask>
  </component>
</application>